{
  "hash": "b8b73b5f870c31fc8ddda93f70b127aa",
  "result": {
    "markdown": "---\ntitle: \"Data import and cleaning\"\n---\n\n\nThis notebook is a starting point for you in the Special Education project following the Denied series. In it we'll explain the data sources used and how how to put them together.\n\n## Setup\n\nSetting up the packages we'll use, tidyverse and janitor.\n\n\n::: {.cell}\n\n```{.r .cell-code}\nlibrary(tidyverse)\nlibrary(janitor)\n```\n:::\n\n\n## The DSTUD file\n\nTo track how percentages of special education students have changed over time, we need to find a specific data field in the TAPR data: \"Student Enrollment by Program\"\n\nThe specific report that has \"Student Enrollment by Program\" is called the \"Student Information\" report. These have to be downloaded for each individual year.\n\nYou should go through this process for one of the years just so you see how it works, **but know all the files have already been downloaded** into this project.\n\nThe process goes like this:\n\n- Start at the [Texas Academic Performance Reports](https://tea.texas.gov/texas-schools/accountability/academic-accountability/performance-reporting/texas-academic-performance-reports) page\n- Choose the school year of interest (choose 2012-13 to just look at the process)\n- Find the **Data Download** page\n- Choose the **TAPR Data in Excel (Rates Only)** option\n- Click on **District Download**. Click **Continue** to move on.\n- Choose the **Student Information** data set and choose **Continue**.\n  - Choose the **Comma-Delimeted (csv)** format\n  - Choose **Student Enrollment: Counts/Percents**\n  - Also choose **Students by Instructional Programs** (or **Student Membership by Program** or **Student Enrollment by Program** depending on the year. See note below.)\n  - Click **Download**.\n\n::: callout-warning\nAs happens, the data collected has changed over the years. This note is from the Glossary: Please note, the Enrollment section of this report was added beginning with 2019–20. ... If comparing the data shown from this year’s report to reports prior to 2019–20, use the data displayed under Membership.\n:::\n\nThis downloads a file called `DSTUD.csv` or `DSTUD.dat`. Those file names were edited to include the year they came from and to change `.dat` to `.csv` when that was present. All the files are in the `data-raw` folder of this template project.\n\nOn the download page, there is a link to the data dictionary for the file called [Student Information Reference](https://rptsvr1.tea.texas.gov/perfreport/tapr/2013/xplore/dstud.html). It proves important to understand the file, which you'll see next. \n\n### How the files differ\n\nLet's look at one of those files. This is the first six lines of the 2012-13 version:\n\n\n::: {.cell}\n\n```{.r .cell-code}\nread_csv(\"data-raw/DSTUD_13.csv\") |> head()\n```\n\n::: {.cell-output-display}\n`````{=html}\n<div data-pagedtable=\"false\">\n  <script data-pagedtable-source type=\"application/json\">\n{\"columns\":[{\"label\":[\"DISTRICT\"],\"name\":[1],\"type\":[\"chr\"],\"align\":[\"left\"]},{\"label\":[\"DPETALLC\"],\"name\":[2],\"type\":[\"dbl\"],\"align\":[\"right\"]},{\"label\":[\"DPETASIC\"],\"name\":[3],\"type\":[\"dbl\"],\"align\":[\"right\"]},{\"label\":[\"DPETASIP\"],\"name\":[4],\"type\":[\"dbl\"],\"align\":[\"right\"]},{\"label\":[\"DPETBILC\"],\"name\":[5],\"type\":[\"dbl\"],\"align\":[\"right\"]},{\"label\":[\"DPETBILP\"],\"name\":[6],\"type\":[\"dbl\"],\"align\":[\"right\"]},{\"label\":[\"DPETBLAC\"],\"name\":[7],\"type\":[\"dbl\"],\"align\":[\"right\"]},{\"label\":[\"DPETBLAP\"],\"name\":[8],\"type\":[\"dbl\"],\"align\":[\"right\"]},{\"label\":[\"DPETDISC\"],\"name\":[9],\"type\":[\"dbl\"],\"align\":[\"right\"]},{\"label\":[\"DPETDISP\"],\"name\":[10],\"type\":[\"chr\"],\"align\":[\"left\"]},{\"label\":[\"DPETECOC\"],\"name\":[11],\"type\":[\"dbl\"],\"align\":[\"right\"]},{\"label\":[\"DPETECOP\"],\"name\":[12],\"type\":[\"dbl\"],\"align\":[\"right\"]},{\"label\":[\"DPETGIFC\"],\"name\":[13],\"type\":[\"dbl\"],\"align\":[\"right\"]},{\"label\":[\"DPETGIFP\"],\"name\":[14],\"type\":[\"dbl\"],\"align\":[\"right\"]},{\"label\":[\"DPETHISC\"],\"name\":[15],\"type\":[\"dbl\"],\"align\":[\"right\"]},{\"label\":[\"DPETHISP\"],\"name\":[16],\"type\":[\"dbl\"],\"align\":[\"right\"]},{\"label\":[\"DPETINDC\"],\"name\":[17],\"type\":[\"dbl\"],\"align\":[\"right\"]},{\"label\":[\"DPETINDP\"],\"name\":[18],\"type\":[\"dbl\"],\"align\":[\"right\"]},{\"label\":[\"DPETLEPC\"],\"name\":[19],\"type\":[\"dbl\"],\"align\":[\"right\"]},{\"label\":[\"DPETLEPP\"],\"name\":[20],\"type\":[\"dbl\"],\"align\":[\"right\"]},{\"label\":[\"DPETNEDC\"],\"name\":[21],\"type\":[\"dbl\"],\"align\":[\"right\"]},{\"label\":[\"DPETNEDP\"],\"name\":[22],\"type\":[\"dbl\"],\"align\":[\"right\"]},{\"label\":[\"DPETPCIC\"],\"name\":[23],\"type\":[\"dbl\"],\"align\":[\"right\"]},{\"label\":[\"DPETPCIP\"],\"name\":[24],\"type\":[\"dbl\"],\"align\":[\"right\"]},{\"label\":[\"DPETRSKC\"],\"name\":[25],\"type\":[\"dbl\"],\"align\":[\"right\"]},{\"label\":[\"DPETRSKP\"],\"name\":[26],\"type\":[\"dbl\"],\"align\":[\"right\"]},{\"label\":[\"DPETSPEC\"],\"name\":[27],\"type\":[\"dbl\"],\"align\":[\"right\"]},{\"label\":[\"DPETSPEP\"],\"name\":[28],\"type\":[\"dbl\"],\"align\":[\"right\"]},{\"label\":[\"DPETTWOC\"],\"name\":[29],\"type\":[\"dbl\"],\"align\":[\"right\"]},{\"label\":[\"DPETTWOP\"],\"name\":[30],\"type\":[\"dbl\"],\"align\":[\"right\"]},{\"label\":[\"DPETVOCC\"],\"name\":[31],\"type\":[\"dbl\"],\"align\":[\"right\"]},{\"label\":[\"DPETVOCP\"],\"name\":[32],\"type\":[\"dbl\"],\"align\":[\"right\"]},{\"label\":[\"DPETWHIC\"],\"name\":[33],\"type\":[\"dbl\"],\"align\":[\"right\"]},{\"label\":[\"DPETWHIP\"],\"name\":[34],\"type\":[\"dbl\"],\"align\":[\"right\"]}],\"data\":[{\"1\":\"001902\",\"2\":\"595\",\"3\":\"4\",\"4\":\"0.7\",\"5\":\"5\",\"6\":\"0.8\",\"7\":\"34\",\"8\":\"5.7\",\"9\":\"5\",\"10\":\"0.8\",\"11\":\"227\",\"12\":\"38.2\",\"13\":\"53\",\"14\":\"8.9\",\"15\":\"45\",\"16\":\"7.6\",\"17\":\"0\",\"18\":\"0.0\",\"19\":\"5\",\"20\":\"0.8\",\"21\":\"368\",\"22\":\"61.8\",\"23\":\"0\",\"24\":\"0.0\",\"25\":\"162\",\"26\":\"27.2\",\"27\":\"73\",\"28\":\"12.3\",\"29\":\"30\",\"30\":\"5.0\",\"31\":\"180\",\"32\":\"30.3\",\"33\":\"482\",\"34\":\"81.0\"},{\"1\":\"001903\",\"2\":\"1236\",\"3\":\"10\",\"4\":\"0.8\",\"5\":\"16\",\"6\":\"1.3\",\"7\":\"54\",\"8\":\"4.4\",\"9\":\"5\",\"10\":\"0.4\",\"11\":\"636\",\"12\":\"51.5\",\"13\":\"52\",\"14\":\"4.2\",\"15\":\"112\",\"16\":\"9.1\",\"17\":\"2\",\"18\":\"0.2\",\"19\":\"16\",\"20\":\"1.3\",\"21\":\"600\",\"22\":\"48.5\",\"23\":\"2\",\"24\":\"0.2\",\"25\":\"344\",\"26\":\"27.8\",\"27\":\"113\",\"28\":\"9.1\",\"29\":\"47\",\"30\":\"3.8\",\"31\":\"315\",\"32\":\"25.5\",\"33\":\"1009\",\"34\":\"81.6\"},{\"1\":\"001904\",\"2\":\"751\",\"3\":\"2\",\"4\":\"0.3\",\"5\":\"14\",\"6\":\"1.9\",\"7\":\"79\",\"8\":\"10.5\",\"9\":\"1\",\"10\":\"0.1\",\"11\":\"443\",\"12\":\"59.0\",\"13\":\"26\",\"14\":\"3.5\",\"15\":\"79\",\"16\":\"10.5\",\"17\":\"2\",\"18\":\"0.3\",\"19\":\"14\",\"20\":\"1.9\",\"21\":\"308\",\"22\":\"41.0\",\"23\":\"0\",\"24\":\"0.0\",\"25\":\"238\",\"26\":\"31.7\",\"27\":\"81\",\"28\":\"10.8\",\"29\":\"32\",\"30\":\"4.3\",\"31\":\"264\",\"32\":\"35.2\",\"33\":\"557\",\"34\":\"74.2\"},{\"1\":\"001906\",\"2\":\"406\",\"3\":\"2\",\"4\":\"0.5\",\"5\":\"4\",\"6\":\"1.0\",\"7\":\"24\",\"8\":\"5.9\",\"9\":\"0\",\"10\":\"0\",\"11\":\"170\",\"12\":\"41.9\",\"13\":\"27\",\"14\":\"6.7\",\"15\":\"39\",\"16\":\"9.6\",\"17\":\"0\",\"18\":\"0.0\",\"19\":\"4\",\"20\":\"1.0\",\"21\":\"236\",\"22\":\"58.1\",\"23\":\"0\",\"24\":\"0.0\",\"25\":\"168\",\"26\":\"41.4\",\"27\":\"45\",\"28\":\"11.1\",\"29\":\"6\",\"30\":\"1.5\",\"31\":\"155\",\"32\":\"38.2\",\"33\":\"335\",\"34\":\"82.5\"},{\"1\":\"001907\",\"2\":\"3288\",\"3\":\"33\",\"4\":\"1.0\",\"5\":\"400\",\"6\":\"12.2\",\"7\":\"924\",\"8\":\"28.1\",\"9\":\"135\",\"10\":\"3.7\",\"11\":\"2502\",\"12\":\"76.1\",\"13\":\"109\",\"14\":\"3.3\",\"15\":\"1272\",\"16\":\"38.7\",\"17\":\"15\",\"18\":\"0.5\",\"19\":\"434\",\"20\":\"13.2\",\"21\":\"786\",\"22\":\"23.9\",\"23\":\"2\",\"24\":\"0.1\",\"25\":\"1938\",\"26\":\"58.9\",\"27\":\"252\",\"28\":\"7.7\",\"29\":\"64\",\"30\":\"1.9\",\"31\":\"1086\",\"32\":\"33.0\",\"33\":\"978\",\"34\":\"29.7\"},{\"1\":\"001908\",\"2\":\"1619\",\"3\":\"10\",\"4\":\"0.6\",\"5\":\"73\",\"6\":\"4.5\",\"7\":\"268\",\"8\":\"16.6\",\"9\":\"39\",\"10\":\"2\",\"11\":\"1002\",\"12\":\"61.9\",\"13\":\"44\",\"14\":\"2.7\",\"15\":\"341\",\"16\":\"21.1\",\"17\":\"6\",\"18\":\"0.4\",\"19\":\"80\",\"20\":\"4.9\",\"21\":\"617\",\"22\":\"38.1\",\"23\":\"2\",\"24\":\"0.1\",\"25\":\"718\",\"26\":\"44.3\",\"27\":\"151\",\"28\":\"9.3\",\"29\":\"74\",\"30\":\"4.6\",\"31\":\"302\",\"32\":\"18.7\",\"33\":\"918\",\"34\":\"56.7\"}],\"options\":{\"columns\":{\"min\":{},\"max\":[10]},\"rows\":{\"min\":[10],\"max\":[10]},\"pages\":{}}}\n  </script>\n</div>\n`````\n:::\n:::\n\n\nAs you can see by looking at that data, the [District Student Information Reference](https://rptsvr1.tea.texas.gov/perfreport/tapr/2013/xplore/dstud.html) is pretty important, as it is the key to understanding what these columns are.\n\nThe columns we want are: \n\n- DISTRICT -- District Number\n- DPETALLC -- District 2013 Student: All Students Count\n- DPETSPEC -- District 2013 Student: Special Ed Count\n- DPETSPEP -- District 2013 Student: Special Ed Percent\n\nLuckily for us, those specific column names are the same in each of the nine data files.\n\nAlso note the `DISTRICT` values that start with zeros like this: `001902`. These can prove a challenge to import without dropping those leading zeros, and they are important later. Using `read_csv()` instead of `read.csv()` helps us here.\n\nWhat is missing from this data? Well, the **name** of the district is missing. That is a challenge we'll solve in a bit.\n\nThe data structure of these files changed starting with the 2021-22 file:\n\n\n::: {.cell}\n\n```{.r .cell-code}\nread_csv(\"data-raw/DSTUD_22.csv\") |> head()\n```\n\n::: {.cell-output-display}\n`````{=html}\n<div data-pagedtable=\"false\">\n  <script data-pagedtable-source type=\"application/json\">\n{\"columns\":[{\"label\":[\"DISTRICT\"],\"name\":[1],\"type\":[\"chr\"],\"align\":[\"left\"]},{\"label\":[\"DPEMSPEC\"],\"name\":[2],\"type\":[\"chr\"],\"align\":[\"left\"]},{\"label\":[\"DPEMSPEP\"],\"name\":[3],\"type\":[\"chr\"],\"align\":[\"left\"]},{\"label\":[\"DPEMSPET\"],\"name\":[4],\"type\":[\"chr\"],\"align\":[\"left\"]},{\"label\":[\"DPET504C\"],\"name\":[5],\"type\":[\"dbl\"],\"align\":[\"right\"]},{\"label\":[\"DPET504P\"],\"name\":[6],\"type\":[\"dbl\"],\"align\":[\"right\"]},{\"label\":[\"DPETALLC\"],\"name\":[7],\"type\":[\"dbl\"],\"align\":[\"right\"]},{\"label\":[\"DPETASIC\"],\"name\":[8],\"type\":[\"dbl\"],\"align\":[\"right\"]},{\"label\":[\"DPETASIP\"],\"name\":[9],\"type\":[\"dbl\"],\"align\":[\"right\"]},{\"label\":[\"DPETATTC\"],\"name\":[10],\"type\":[\"dbl\"],\"align\":[\"right\"]},{\"label\":[\"DPETATTD\"],\"name\":[11],\"type\":[\"dbl\"],\"align\":[\"right\"]},{\"label\":[\"DPETATTP\"],\"name\":[12],\"type\":[\"dbl\"],\"align\":[\"right\"]},{\"label\":[\"DPETBILC\"],\"name\":[13],\"type\":[\"dbl\"],\"align\":[\"right\"]},{\"label\":[\"DPETBILP\"],\"name\":[14],\"type\":[\"dbl\"],\"align\":[\"right\"]},{\"label\":[\"DPETBLAC\"],\"name\":[15],\"type\":[\"dbl\"],\"align\":[\"right\"]},{\"label\":[\"DPETBLAP\"],\"name\":[16],\"type\":[\"dbl\"],\"align\":[\"right\"]},{\"label\":[\"DPETDISC\"],\"name\":[17],\"type\":[\"dbl\"],\"align\":[\"right\"]},{\"label\":[\"DPETDISP\"],\"name\":[18],\"type\":[\"dbl\"],\"align\":[\"right\"]},{\"label\":[\"DPETDSLC\"],\"name\":[19],\"type\":[\"dbl\"],\"align\":[\"right\"]},{\"label\":[\"DPETDSLP\"],\"name\":[20],\"type\":[\"dbl\"],\"align\":[\"right\"]},{\"label\":[\"DPETECOC\"],\"name\":[21],\"type\":[\"dbl\"],\"align\":[\"right\"]},{\"label\":[\"DPETECOP\"],\"name\":[22],\"type\":[\"dbl\"],\"align\":[\"right\"]},{\"label\":[\"DPETFEMC\"],\"name\":[23],\"type\":[\"dbl\"],\"align\":[\"right\"]},{\"label\":[\"DPETFEMP\"],\"name\":[24],\"type\":[\"dbl\"],\"align\":[\"right\"]},{\"label\":[\"DPETFOSC\"],\"name\":[25],\"type\":[\"dbl\"],\"align\":[\"right\"]},{\"label\":[\"DPETFOSP\"],\"name\":[26],\"type\":[\"dbl\"],\"align\":[\"right\"]},{\"label\":[\"DPETG9XC\"],\"name\":[27],\"type\":[\"dbl\"],\"align\":[\"right\"]},{\"label\":[\"DPETGIFC\"],\"name\":[28],\"type\":[\"dbl\"],\"align\":[\"right\"]},{\"label\":[\"DPETGIFP\"],\"name\":[29],\"type\":[\"dbl\"],\"align\":[\"right\"]},{\"label\":[\"DPETHISC\"],\"name\":[30],\"type\":[\"dbl\"],\"align\":[\"right\"]},{\"label\":[\"DPETHISP\"],\"name\":[31],\"type\":[\"dbl\"],\"align\":[\"right\"]},{\"label\":[\"DPETHOMC\"],\"name\":[32],\"type\":[\"dbl\"],\"align\":[\"right\"]},{\"label\":[\"DPETHOMP\"],\"name\":[33],\"type\":[\"dbl\"],\"align\":[\"right\"]},{\"label\":[\"DPETIMMC\"],\"name\":[34],\"type\":[\"dbl\"],\"align\":[\"right\"]},{\"label\":[\"DPETIMMP\"],\"name\":[35],\"type\":[\"dbl\"],\"align\":[\"right\"]},{\"label\":[\"DPETINDC\"],\"name\":[36],\"type\":[\"dbl\"],\"align\":[\"right\"]},{\"label\":[\"DPETINDP\"],\"name\":[37],\"type\":[\"dbl\"],\"align\":[\"right\"]},{\"label\":[\"DPETLEPC\"],\"name\":[38],\"type\":[\"dbl\"],\"align\":[\"right\"]},{\"label\":[\"DPETLEPP\"],\"name\":[39],\"type\":[\"dbl\"],\"align\":[\"right\"]},{\"label\":[\"DPETMALC\"],\"name\":[40],\"type\":[\"dbl\"],\"align\":[\"right\"]},{\"label\":[\"DPETMALP\"],\"name\":[41],\"type\":[\"dbl\"],\"align\":[\"right\"]},{\"label\":[\"DPETMIGC\"],\"name\":[42],\"type\":[\"dbl\"],\"align\":[\"right\"]},{\"label\":[\"DPETMIGP\"],\"name\":[43],\"type\":[\"dbl\"],\"align\":[\"right\"]},{\"label\":[\"DPETMLCC\"],\"name\":[44],\"type\":[\"dbl\"],\"align\":[\"right\"]},{\"label\":[\"DPETMLCP\"],\"name\":[45],\"type\":[\"dbl\"],\"align\":[\"right\"]},{\"label\":[\"DPETNEDC\"],\"name\":[46],\"type\":[\"dbl\"],\"align\":[\"right\"]},{\"label\":[\"DPETNEDP\"],\"name\":[47],\"type\":[\"dbl\"],\"align\":[\"right\"]},{\"label\":[\"DPETPCIC\"],\"name\":[48],\"type\":[\"dbl\"],\"align\":[\"right\"]},{\"label\":[\"DPETPCIP\"],\"name\":[49],\"type\":[\"dbl\"],\"align\":[\"right\"]},{\"label\":[\"DPETRSKC\"],\"name\":[50],\"type\":[\"dbl\"],\"align\":[\"right\"]},{\"label\":[\"DPETRSKP\"],\"name\":[51],\"type\":[\"dbl\"],\"align\":[\"right\"]},{\"label\":[\"DPETSPEC\"],\"name\":[52],\"type\":[\"dbl\"],\"align\":[\"right\"]},{\"label\":[\"DPETSPEP\"],\"name\":[53],\"type\":[\"dbl\"],\"align\":[\"right\"]},{\"label\":[\"DPETTT1C\"],\"name\":[54],\"type\":[\"dbl\"],\"align\":[\"right\"]},{\"label\":[\"DPETTT1P\"],\"name\":[55],\"type\":[\"dbl\"],\"align\":[\"right\"]},{\"label\":[\"DPETTWOC\"],\"name\":[56],\"type\":[\"dbl\"],\"align\":[\"right\"]},{\"label\":[\"DPETTWOP\"],\"name\":[57],\"type\":[\"dbl\"],\"align\":[\"right\"]},{\"label\":[\"DPETVHSC\"],\"name\":[58],\"type\":[\"dbl\"],\"align\":[\"right\"]},{\"label\":[\"DPETVHSP\"],\"name\":[59],\"type\":[\"dbl\"],\"align\":[\"right\"]},{\"label\":[\"DPETVOCC\"],\"name\":[60],\"type\":[\"dbl\"],\"align\":[\"right\"]},{\"label\":[\"DPETVOCP\"],\"name\":[61],\"type\":[\"dbl\"],\"align\":[\"right\"]},{\"label\":[\"DPETWHIC\"],\"name\":[62],\"type\":[\"dbl\"],\"align\":[\"right\"]},{\"label\":[\"DPETWHIP\"],\"name\":[63],\"type\":[\"dbl\"],\"align\":[\"right\"]},{\"label\":[\"DPNTBILC\"],\"name\":[64],\"type\":[\"dbl\"],\"align\":[\"right\"]},{\"label\":[\"DPNTBILP\"],\"name\":[65],\"type\":[\"dbl\"],\"align\":[\"right\"]},{\"label\":[\"DPNTGIFC\"],\"name\":[66],\"type\":[\"dbl\"],\"align\":[\"right\"]},{\"label\":[\"DPNTGIFP\"],\"name\":[67],\"type\":[\"dbl\"],\"align\":[\"right\"]},{\"label\":[\"DPNTSPEC\"],\"name\":[68],\"type\":[\"dbl\"],\"align\":[\"right\"]},{\"label\":[\"DPNTSPEP\"],\"name\":[69],\"type\":[\"dbl\"],\"align\":[\"right\"]}],\"data\":[{\"1\":\"'001902\",\"2\":\"15\",\"3\":\"16.3\",\"4\":\"92\",\"5\":\"52\",\"6\":\"9.1\",\"7\":\"574\",\"8\":\"3\",\"9\":\"0.5\",\"10\":\"32\",\"11\":\"413\",\"12\":\"7.7\",\"13\":\"6\",\"14\":\"1.0\",\"15\":\"25\",\"16\":\"4.4\",\"17\":\"5\",\"18\":\"0.9\",\"19\":\"38\",\"20\":\"6.6\",\"21\":\"234\",\"22\":\"40.8\",\"23\":\"286\",\"24\":\"49.8\",\"25\":\"0\",\"26\":\"0.0\",\"27\":\"169\",\"28\":\"35\",\"29\":\"6.1\",\"30\":\"66\",\"31\":\"11.5\",\"32\":\"1\",\"33\":\"0.2\",\"34\":\"0\",\"35\":\"0.0\",\"36\":\"0\",\"37\":\"0.0\",\"38\":\"6\",\"39\":\"1.0\",\"40\":\"288\",\"41\":\"50.2\",\"42\":\"0\",\"43\":\"0.0\",\"44\":\"9\",\"45\":\"1.6\",\"46\":\"340\",\"47\":\"59.2\",\"48\":\"0\",\"49\":\"0.0\",\"50\":\"228\",\"51\":\"39.7\",\"52\":\"84\",\"53\":\"14.6\",\"54\":\"574\",\"55\":\"100.0\",\"56\":\"26\",\"57\":\"4.5\",\"58\":\"147\",\"59\":\"87.0\",\"60\":\"175\",\"61\":\"30.5\",\"62\":\"454\",\"63\":\"79.1\",\"64\":\"6\",\"65\":\"1.0\",\"66\":\"35\",\"67\":\"6.1\",\"68\":\"86\",\"69\":\"14.9\"},{\"1\":\"'001903\",\"2\":\"24\",\"3\":\"16.1\",\"4\":\"149\",\"5\":\"79\",\"6\":\"6.9\",\"7\":\"1150\",\"8\":\"2\",\"9\":\"0.2\",\"10\":\"149\",\"11\":\"864\",\"12\":\"17.2\",\"13\":\"31\",\"14\":\"2.7\",\"15\":\"46\",\"16\":\"4.0\",\"17\":\"0\",\"18\":\"0.0\",\"19\":\"65\",\"20\":\"5.7\",\"21\":\"522\",\"22\":\"45.4\",\"23\":\"560\",\"24\":\"48.7\",\"25\":\"6\",\"26\":\"0.5\",\"27\":\"307\",\"28\":\"53\",\"29\":\"4.6\",\"30\":\"136\",\"31\":\"11.8\",\"32\":\"16\",\"33\":\"1.4\",\"34\":\"0\",\"35\":\"0.0\",\"36\":\"3\",\"37\":\"0.3\",\"38\":\"32\",\"39\":\"2.8\",\"40\":\"590\",\"41\":\"51.3\",\"42\":\"0\",\"43\":\"0.0\",\"44\":\"23\",\"45\":\"2.0\",\"46\":\"628\",\"47\":\"54.6\",\"48\":\"0\",\"49\":\"0.0\",\"50\":\"336\",\"51\":\"29.2\",\"52\":\"139\",\"53\":\"12.1\",\"54\":\"1150\",\"55\":\"100.0\",\"56\":\"39\",\"57\":\"3.4\",\"58\":\"253\",\"59\":\"82.4\",\"60\":\"366\",\"61\":\"31.8\",\"62\":\"924\",\"63\":\"80.3\",\"64\":\"31\",\"65\":\"2.7\",\"66\":\"53\",\"67\":\"4.6\",\"68\":\"139\",\"69\":\"12.1\"},{\"1\":\"'001904\",\"2\":\"23\",\"3\":\"18.7\",\"4\":\"123\",\"5\":\"69\",\"6\":\"8.5\",\"7\":\"808\",\"8\":\"8\",\"9\":\"1.0\",\"10\":\"84\",\"11\":\"606\",\"12\":\"13.9\",\"13\":\"33\",\"14\":\"4.1\",\"15\":\"69\",\"16\":\"8.5\",\"17\":\"7\",\"18\":\"0.8\",\"19\":\"52\",\"20\":\"6.4\",\"21\":\"438\",\"22\":\"54.2\",\"23\":\"365\",\"24\":\"45.2\",\"25\":\"6\",\"26\":\"0.7\",\"27\":\"232\",\"28\":\"59\",\"29\":\"7.3\",\"30\":\"91\",\"31\":\"11.3\",\"32\":\"6\",\"33\":\"0.7\",\"34\":\"0\",\"35\":\"0.0\",\"36\":\"3\",\"37\":\"0.4\",\"38\":\"33\",\"39\":\"4.1\",\"40\":\"443\",\"41\":\"54.8\",\"42\":\"0\",\"43\":\"0.0\",\"44\":\"29\",\"45\":\"3.6\",\"46\":\"370\",\"47\":\"45.8\",\"48\":\"0\",\"49\":\"0.0\",\"50\":\"361\",\"51\":\"44.7\",\"52\":\"106\",\"53\":\"13.1\",\"54\":\"808\",\"55\":\"100.0\",\"56\":\"29\",\"57\":\"3.6\",\"58\":\"214\",\"59\":\"92.2\",\"60\":\"355\",\"61\":\"43.9\",\"62\":\"608\",\"63\":\"75.2\",\"64\":\"33\",\"65\":\"4.1\",\"66\":\"59\",\"67\":\"7.3\",\"68\":\"106\",\"69\":\"13.1\"},{\"1\":\"'001906\",\"2\":\"5\",\"3\":\"13.5\",\"4\":\"37\",\"5\":\"31\",\"6\":\"9.1\",\"7\":\"342\",\"8\":\"1\",\"9\":\"0.3\",\"10\":\"42\",\"11\":\"289\",\"12\":\"14.5\",\"13\":\"7\",\"14\":\"2.0\",\"15\":\"28\",\"16\":\"8.2\",\"17\":\"1\",\"18\":\"0.3\",\"19\":\"9\",\"20\":\"2.6\",\"21\":\"185\",\"22\":\"54.1\",\"23\":\"166\",\"24\":\"48.5\",\"25\":\"2\",\"26\":\"0.6\",\"27\":\"104\",\"28\":\"19\",\"29\":\"5.6\",\"30\":\"46\",\"31\":\"13.5\",\"32\":\"6\",\"33\":\"1.8\",\"34\":\"0\",\"35\":\"0.0\",\"36\":\"1\",\"37\":\"0.3\",\"38\":\"7\",\"39\":\"2.0\",\"40\":\"176\",\"41\":\"51.5\",\"42\":\"0\",\"43\":\"0.0\",\"44\":\"52\",\"45\":\"15.2\",\"46\":\"157\",\"47\":\"45.9\",\"48\":\"0\",\"49\":\"0.0\",\"50\":\"132\",\"51\":\"38.6\",\"52\":\"36\",\"53\":\"10.5\",\"54\":\"342\",\"55\":\"100.0\",\"56\":\"9\",\"57\":\"2.6\",\"58\":\"80\",\"59\":\"76.9\",\"60\":\"101\",\"61\":\"29.5\",\"62\":\"257\",\"63\":\"75.1\",\"64\":\"7\",\"65\":\"2.0\",\"66\":\"19\",\"67\":\"5.5\",\"68\":\"37\",\"69\":\"10.8\"},{\"1\":\"'001907\",\"2\":\"95\",\"3\":\"19.8\",\"4\":\"480\",\"5\":\"207\",\"6\":\"6.2\",\"7\":\"3360\",\"8\":\"24\",\"9\":\"0.7\",\"10\":\"288\",\"11\":\"2029\",\"12\":\"14.2\",\"13\":\"540\",\"14\":\"16.1\",\"15\":\"844\",\"16\":\"25.1\",\"17\":\"87\",\"18\":\"2.3\",\"19\":\"112\",\"20\":\"3.3\",\"21\":\"2741\",\"22\":\"81.6\",\"23\":\"1597\",\"24\":\"47.5\",\"25\":\"18\",\"26\":\"0.5\",\"27\":\"1040\",\"28\":\"76\",\"29\":\"2.3\",\"30\":\"1442\",\"31\":\"42.9\",\"32\":\"12\",\"33\":\"0.4\",\"34\":\"42\",\"35\":\"1.3\",\"36\":\"8\",\"37\":\"0.2\",\"38\":\"595\",\"39\":\"17.7\",\"40\":\"1763\",\"41\":\"52.5\",\"42\":\"0\",\"43\":\"0.0\",\"44\":\"45\",\"45\":\"1.3\",\"46\":\"619\",\"47\":\"18.4\",\"48\":\"2\",\"49\":\"0.1\",\"50\":\"1918\",\"51\":\"57.1\",\"52\":\"455\",\"53\":\"13.5\",\"54\":\"3360\",\"55\":\"100.0\",\"56\":\"124\",\"57\":\"3.7\",\"58\":\"902\",\"59\":\"86.7\",\"60\":\"1027\",\"61\":\"30.6\",\"62\":\"916\",\"63\":\"27.3\",\"64\":\"540\",\"65\":\"16.1\",\"66\":\"76\",\"67\":\"2.3\",\"68\":\"456\",\"69\":\"13.6\"},{\"1\":\"'001908\",\"2\":\"49\",\"3\":\"21.7\",\"4\":\"226\",\"5\":\"103\",\"6\":\"7.7\",\"7\":\"1332\",\"8\":\"6\",\"9\":\"0.5\",\"10\":\"175\",\"11\":\"979\",\"12\":\"17.9\",\"13\":\"90\",\"14\":\"6.8\",\"15\":\"263\",\"16\":\"19.7\",\"17\":\"11\",\"18\":\"0.7\",\"19\":\"77\",\"20\":\"5.8\",\"21\":\"986\",\"22\":\"74.0\",\"23\":\"644\",\"24\":\"48.3\",\"25\":\"15\",\"26\":\"1.1\",\"27\":\"400\",\"28\":\"43\",\"29\":\"3.2\",\"30\":\"349\",\"31\":\"26.2\",\"32\":\"2\",\"33\":\"0.2\",\"34\":\"4\",\"35\":\"0.3\",\"36\":\"9\",\"37\":\"0.7\",\"38\":\"95\",\"39\":\"7.1\",\"40\":\"688\",\"41\":\"51.7\",\"42\":\"3\",\"43\":\"0.2\",\"44\":\"1\",\"45\":\"0.1\",\"46\":\"346\",\"47\":\"26.0\",\"48\":\"1\",\"49\":\"0.1\",\"50\":\"734\",\"51\":\"55.1\",\"52\":\"193\",\"53\":\"14.5\",\"54\":\"727\",\"55\":\"54.6\",\"56\":\"65\",\"57\":\"4.9\",\"58\":\"315\",\"59\":\"78.8\",\"60\":\"515\",\"61\":\"38.7\",\"62\":\"639\",\"63\":\"48.0\",\"64\":\"90\",\"65\":\"6.8\",\"66\":\"43\",\"67\":\"3.2\",\"68\":\"193\",\"69\":\"14.5\"}],\"options\":{\"columns\":{\"min\":{},\"max\":[10]},\"rows\":{\"min\":[10],\"max\":[10]},\"pages\":{}}}\n  </script>\n</div>\n`````\n:::\n:::\n\n\nThe newer files have structural differences. The `DISTRICT` observations have a `'` at the beginning: `'001902`. This is added to help preserve those leading zeros, but we will need to remove the `'` so the values are the same structure as the other data files.\n\nWe will end up removing those using the `mutate()` function, like this:\n\n```r\n# this is just explanation code\ndata |> \n  mutate(\n    district = str_remove(district, \"'\")\n  )\n```\n\nThe `str_remove` function removes text from values. It takes at least two arguments: The column you are looking within, then the text you want to remove (within quotes.)\n\nAlso note there are 64 columns in this data vs the 34 in the 2013 file. The TEA has added different measurements through the years. That's OK, because we still only need the three columns of `DISTRICT`, `DPETSPEC` and `DPETSPEP` for this analysis.\n\nThere actually _was_ an option to download the district name in 2021 file, but I didn't because I knew we had to handle those for all the other files as well where it isn't an option.\n\n### Getting district names with DREF\n\nWe've noted that the data files don't have a **district name**. Within the TAPR data download tool, there is another file called **District Reference** that has the district ID, names and other information we need. I downloaded the 2022 version as `DREF_22.csv`. Let's look at it:\n\n\n::: {.cell}\n\n```{.r .cell-code}\nread_csv(\"data-raw/DREF_22.csv\") |> head()\n```\n\n::: {.cell-output-display}\n`````{=html}\n<div data-pagedtable=\"false\">\n  <script data-pagedtable-source type=\"application/json\">\n{\"columns\":[{\"label\":[\"DISTRICT\"],\"name\":[1],\"type\":[\"chr\"],\"align\":[\"left\"]},{\"label\":[\"CNTYNAME\"],\"name\":[2],\"type\":[\"chr\"],\"align\":[\"left\"]},{\"label\":[\"COUNTY\"],\"name\":[3],\"type\":[\"chr\"],\"align\":[\"left\"]},{\"label\":[\"DAD_POST\"],\"name\":[4],\"type\":[\"dbl\"],\"align\":[\"right\"]},{\"label\":[\"DFLALTED\"],\"name\":[5],\"type\":[\"chr\"],\"align\":[\"left\"]},{\"label\":[\"DFLCHART\"],\"name\":[6],\"type\":[\"chr\"],\"align\":[\"left\"]},{\"label\":[\"DISTNAME\"],\"name\":[7],\"type\":[\"chr\"],\"align\":[\"left\"]},{\"label\":[\"D_RATING\"],\"name\":[8],\"type\":[\"chr\"],\"align\":[\"left\"]},{\"label\":[\"OUTCOME\"],\"name\":[9],\"type\":[\"chr\"],\"align\":[\"left\"]},{\"label\":[\"REGION\"],\"name\":[10],\"type\":[\"chr\"],\"align\":[\"left\"]},{\"label\":[\"asvab_status\"],\"name\":[11],\"type\":[\"chr\"],\"align\":[\"left\"]}],\"data\":[{\"1\":\"'001902\",\"2\":\"ANDERSON\",\"3\":\"'001\",\"4\":\"1\",\"5\":\"N\",\"6\":\"N\",\"7\":\"CAYUGA ISD\",\"8\":\"A\",\"9\":\"Meets Requirements\",\"10\":\"'07\",\"11\":\"NA\"},{\"1\":\"'001903\",\"2\":\"ANDERSON\",\"3\":\"'001\",\"4\":\"0\",\"5\":\"N\",\"6\":\"N\",\"7\":\"ELKHART ISD\",\"8\":\"A\",\"9\":\"Meets Requirements\",\"10\":\"'07\",\"11\":\"NA\"},{\"1\":\"'001904\",\"2\":\"ANDERSON\",\"3\":\"'001\",\"4\":\"0\",\"5\":\"N\",\"6\":\"N\",\"7\":\"FRANKSTON ISD\",\"8\":\"A\",\"9\":\"Meets Requirements\",\"10\":\"'07\",\"11\":\"ASVAB Alternative Test Offered\"},{\"1\":\"'001906\",\"2\":\"ANDERSON\",\"3\":\"'001\",\"4\":\"1\",\"5\":\"N\",\"6\":\"N\",\"7\":\"NECHES ISD\",\"8\":\"A\",\"9\":\"Meets Requirements\",\"10\":\"'07\",\"11\":\"NA\"},{\"1\":\"'001907\",\"2\":\"ANDERSON\",\"3\":\"'001\",\"4\":\"0\",\"5\":\"N\",\"6\":\"N\",\"7\":\"PALESTINE ISD\",\"8\":\"B\",\"9\":\"Needs Assistance\",\"10\":\"'07\",\"11\":\"NA\"},{\"1\":\"'001908\",\"2\":\"ANDERSON\",\"3\":\"'001\",\"4\":\"0\",\"5\":\"N\",\"6\":\"N\",\"7\":\"WESTWOOD ISD\",\"8\":\"B\",\"9\":\"Needs Assistance\",\"10\":\"'07\",\"11\":\"NA\"}],\"options\":{\"columns\":{\"min\":{},\"max\":[10]},\"rows\":{\"min\":[10],\"max\":[10]},\"pages\":{}}}\n  </script>\n</div>\n`````\n:::\n:::\n\n\nYou'll see this file also has `'` at the beginning of ID columns like `DISTRICT`, `COUNTY` etc. to preserve leading zeros.\n\nLook at the [District Reference](https://rptsvr1.tea.texas.gov/perfreport/tapr/2022/xplore/dref.html) documentation to understand the variables.\n\nWe want several columns out of this file:\n\n- DISTRICT -- We'll have to remove the `'` that preserves the leading zeros.\n- CNTYNAME -- So we can focus on schools in different areas of the sate\n- DISTNAME -- Which has our district name.\n- DFLCHART -- District 2022 Flag - Charter Operator (Y/N)\n- DFLALTED -- District 2022 Flag - Rated under AEA Procedures (Y/N)\n\nWe can use the `DISTRICT` ID to \"join\" the district name to all the other data.\n\nWe need the `DFLCHART` and `DFLALTED` fields so we can **filter out charter and alternative education schools**. For this analysis, we only want \"traditional\" public schools.\n\n## Import the data\n\nOK, now that you've seen examples of the data, this next chunk imports the nine TAPR data files that have special education data, and the reference file with the district names.\n\nSome things that happen along the way (and you should look through the code to spot them):\n\n- We clean use `clean_names()`to make them all the variable names lowercase.\n- We remove the `'` from the `district` variable when we need to.\n- For the data files, we add a variable `year` so we know where it came from.\n- We `select()` just the columns we need.\n\n\n\n::: {.cell}\n\n```{.r .cell-code}\n# district reference table\ndref <- read_csv(\"data-raw/DREF_22.csv\") |>\n  clean_names() |> \n  mutate(district = str_remove(district, \"'\")) |> \n  select(district, distname, cntyname, dflalted, dflchart)\n\n# 2013-2020 data is formatted the same, so these are similar but with changing years\ndstud13 <- read_csv(\"data-raw/DSTUD_13.csv\") |>\n  clean_names() |>\n  mutate(year = \"2013\") |> \n  select(district, year, dpetallc, dpetspec, dpetspep)\n\ndstud14 <- read_csv(\"data-raw/DSTUD_14.csv\") |>\n  clean_names() |>\n  mutate(year = \"2014\") |> \n  select(district, year, dpetallc, dpetspec, dpetspep)\n\ndstud15 <- read_csv(\"data-raw/DSTUD_15.csv\") |>\n  clean_names() |>\n  mutate(year = \"2015\") |> \n  select(district, year, dpetallc, dpetspec, dpetspep)\n\ndstud16 <- read_csv(\"data-raw/DSTUD_16.csv\") |>\n  clean_names() |>\n  mutate(year = \"2016\") |> \n  select(district, year, dpetallc, dpetspec, dpetspep)\n\ndstud17 <- read_csv(\"data-raw/DSTUD_17.csv\") |>\n  clean_names() |>\n  mutate(year = \"2017\") |> \n  select(district, year, dpetallc, dpetspec, dpetspep)\n\ndstud18 <- read_csv(\"data-raw/DSTUD_18.csv\") |>\n  clean_names() |>\n  mutate(year = \"2018\") |> \n  select(district, year, dpetallc, dpetspec, dpetspep)\n\ndstud19 <- read_csv(\"data-raw/DSTUD_19.csv\") |>\n  clean_names() |>\n  mutate(year = \"2019\") |> \n  select(district, year, dpetallc, dpetspec, dpetspep)\n\ndstud20 <- read_csv(\"data-raw/DSTUD_20.csv\") |>\n  clean_names() |>\n  mutate(year = \"2020\") |> \n  select(district, year, dpetallc, dpetspec, dpetspep)\n\n# 2021 and newer student data is formatted differently than older files\ndstud21 <- read_csv(\"data-raw/DSTUD_21.csv\") |>\n  clean_names() |>\n  mutate(\n    year = \"2021\",\n    district = str_remove(district, \"'\")\n    ) |> \n  select(district, year, dpetallc, dpetspec, dpetspep)\n\ndstud22 <- read_csv(\"data-raw/DSTUD_22.csv\") |>\n  clean_names() |> \n  mutate(\n    year = \"2022\",\n    district = str_remove(district, \"'\")\n    )  |> \n  select(district, year, dpetallc, dpetspec, dpetspep)\n```\n:::\n\n\nWhen you run the code above, you should have 11 data frames in your environment.\n\nTo prepare this data, you will need to do the following:\n\n- Bind all the yearly data together into a single data frame\n- Join that combined data with the reference data to get the district names and other information\n- Filter the data to only traditional public schools\n\nReturn to the book for those explanations as you continue to work through this notebook.\n\n## Binding rows of data\n\nThis is where you pick up in the book ...\n\n\n\n\n",
    "supporting": [],
    "filters": [
      "rmarkdown/pagebreak.lua"
    ],
    "includes": {
      "include-in-header": [
        "<link href=\"site_libs/pagedtable-1.1/css/pagedtable.css\" rel=\"stylesheet\" />\n<script src=\"site_libs/pagedtable-1.1/js/pagedtable.js\"></script>\n"
      ]
    },
    "engineDependencies": {},
    "preserve": {},
    "postProcess": true
  }
}