{
  "hash": "36221fcc47f64b617f9de57b27076cf1",
  "result": {
    "markdown": "---\ntitle: \"Data import and cleaning\"\n---\n\n\nThis notebook is a starting point for you in the Special Education project following up the Houston Chronicle's Denied series. This project has the data necessary to complete the Denied Cleaning chapter in [Reporting with Data in R](https://utdata.github.io/rwdir/denied-cleaning.html).\n\n## Setup\n\nSetting up the packages we'll use, tidyverse and janitor.\n\n\n::: {.cell}\n\n```{.r .cell-code}\nlibrary(tidyverse)\nlibrary(janitor)\nlibrary(fs)\n```\n:::\n",
    "supporting": [],
    "filters": [
      "rmarkdown/pagebreak.lua"
    ],
    "includes": {
      "include-in-header": [
        "<link href=\"site_libs/pagedtable-1.1/css/pagedtable.css\" rel=\"stylesheet\" />\n<script src=\"site_libs/pagedtable-1.1/js/pagedtable.js\"></script>\n"
      ]
    },
    "engineDependencies": {},
    "preserve": {},
    "postProcess": true
  }
}